episode,run_0,run_1,run_2,run_3,run_4
0,False,False,False,False,False
1,False,False,False,False,False
2,False,False,False,False,False
3,False,False,False,False,False
4,False,False,False,False,False
5,False,False,False,False,False
6,False,False,False,False,False
7,False,False,False,False,False
8,False,False,False,False,False
9,False,False,False,False,False
10,False,False,False,False,False
11,False,False,False,False,False
12,False,False,False,False,False
13,False,False,False,False,False
14,False,False,False,False,False
15,False,False,False,False,False
16,False,False,False,False,False
17,False,False,False,False,False
18,False,False,False,False,False
19,False,False,False,False,False
20,False,False,False,False,False
21,False,False,False,False,False
22,False,False,False,False,False
23,False,False,False,False,False
24,False,False,False,False,False
25,False,False,False,False,False
26,False,False,False,False,False
27,False,False,False,False,False
28,False,False,False,False,False
29,False,False,False,False,False
30,False,False,False,False,False
31,False,False,False,False,False
32,False,False,False,False,False
33,False,False,False,False,False
34,False,False,False,False,False
35,False,False,False,False,False
36,False,False,False,False,False
37,False,False,False,False,False
38,False,False,False,False,False
39,False,False,False,False,False
40,False,False,False,False,False
41,False,False,False,False,False
42,False,False,False,False,False
43,False,False,False,False,False
44,False,False,False,False,False
45,False,False,False,False,False
46,False,False,False,False,False
47,False,False,False,False,False
48,False,False,False,False,False
49,False,False,False,False,False
50,False,False,False,False,False
51,False,True,False,False,False
52,False,False,False,False,False
53,False,False,False,False,False
54,False,False,False,False,False
55,False,False,False,False,False
56,False,False,False,False,False
57,False,False,False,False,False
58,False,False,False,False,False
59,False,False,False,False,False
60,False,False,False,False,False
61,False,False,False,False,False
62,False,False,False,False,False
63,False,False,False,False,False
64,False,False,False,False,False
65,False,False,False,False,False
66,False,False,False,False,False
67,False,False,False,False,False
68,False,False,False,False,False
69,False,False,False,False,False
70,False,False,False,False,False
71,False,False,False,False,False
72,False,False,False,False,True
73,False,False,False,True,False
74,False,False,False,False,False
75,False,False,False,True,False
76,False,False,False,False,False
77,False,False,False,False,False
78,False,False,False,False,False
79,False,False,False,False,False
80,False,False,False,True,False
81,False,False,False,False,False
82,False,False,False,False,False
83,False,False,False,False,True
84,False,False,False,False,False
85,False,False,False,False,True
86,False,False,False,True,False
87,False,False,False,False,True
88,False,False,False,False,True
89,False,False,False,False,False
90,False,False,False,False,True
91,False,False,False,False,False
92,False,False,False,False,True
93,True,False,False,False,True
94,True,False,False,False,True
95,True,False,False,False,True
96,False,False,False,False,False
97,True,False,False,False,False
98,True,False,False,True,True
99,False,False,False,True,True
100,True,False,False,False,False
101,False,False,False,False,True
102,False,False,False,True,True
103,True,False,False,False,False
104,False,False,False,True,True
105,True,False,False,False,True
106,False,False,True,False,True
107,False,False,False,False,True
108,True,False,False,False,False
109,True,False,False,True,True
110,True,False,False,False,True
111,True,False,False,True,False
112,False,False,False,True,True
113,False,False,False,False,False
114,True,False,False,True,True
115,True,False,True,False,True
116,True,False,False,True,True
117,True,False,False,True,False
118,False,False,False,True,False
119,False,True,True,True,True
120,False,False,True,True,True
121,True,True,False,True,True
122,False,False,True,False,False
123,True,False,False,False,True
124,True,False,True,True,False
125,True,False,True,False,False
126,True,False,False,True,True
127,True,False,False,False,True
128,True,False,False,True,True
129,True,False,False,True,True
130,True,False,False,True,False
131,True,True,True,True,True
132,True,True,False,True,False
133,True,False,False,True,True
134,False,False,False,True,False
135,False,False,True,True,False
136,False,False,False,False,False
137,False,False,False,True,False
138,False,False,False,True,False
139,True,True,True,False,False
140,False,True,False,True,True
141,False,True,True,True,True
142,True,False,False,False,False
143,False,True,False,False,False
144,True,False,True,True,True
145,False,True,True,False,True
146,True,False,False,True,True
147,False,True,True,False,False
148,True,False,False,False,True
149,False,False,True,True,True
150,True,False,True,False,False
151,True,True,True,True,True
152,True,False,False,True,True
153,True,False,True,True,True
154,True,True,True,False,True
155,False,False,False,True,False
156,True,False,True,True,True
157,False,False,True,True,True
158,True,True,True,True,False
159,True,True,False,True,False
160,True,False,True,True,False
161,True,True,False,False,True
162,False,False,False,True,False
163,True,True,False,True,True
164,True,True,False,True,True
165,False,False,True,False,True
166,True,False,False,True,True
167,False,True,False,True,True
168,False,False,False,True,False
169,True,False,True,True,False
170,True,True,False,True,False
171,True,True,False,False,False
172,False,True,True,True,False
173,True,True,False,False,False
174,True,False,False,True,False
175,True,True,True,True,True
176,False,False,False,True,False
177,True,True,False,True,False
178,False,True,False,False,False
179,False,True,False,True,False
180,True,True,True,False,False
181,True,False,True,True,False
182,False,True,False,False,False
183,True,True,True,False,False
184,True,True,True,False,True
185,True,True,False,False,True
186,False,True,True,True,True
187,True,True,False,False,False
188,True,True,False,False,True
189,False,False,False,True,False
190,False,True,True,False,False
191,False,True,False,True,False
192,True,False,True,True,False
193,False,True,False,False,False
194,True,True,True,True,False
195,False,True,True,False,True
196,False,False,True,False,False
197,True,True,True,False,False
198,False,True,True,False,False
199,False,False,False,True,False
200,True,True,False,False,True
201,True,False,False,True,False
202,False,True,True,True,True
203,True,False,False,False,False
204,True,True,False,True,True
205,True,True,True,True,True
206,True,False,True,True,False
207,False,False,False,False,False
208,False,True,True,False,True
209,False,False,True,True,True
210,False,True,True,False,False
211,False,False,False,False,False
212,False,True,False,False,True
213,False,False,True,False,False
214,True,False,False,True,False
215,True,True,True,True,False
216,False,True,True,False,False
217,False,False,False,True,True
218,False,True,True,False,True
219,False,True,False,False,False
220,False,True,True,False,True
221,False,False,True,False,False
222,False,False,False,True,True
223,False,True,True,True,False
224,True,True,False,False,False
225,True,False,True,False,False
226,False,True,True,True,True
227,True,False,False,False,False
228,True,True,False,False,True
229,False,True,False,False,False
230,True,True,True,False,False
231,False,False,True,False,True
232,False,False,True,False,False
233,False,False,True,True,False
234,False,False,False,False,False
235,False,False,False,False,True
236,True,False,False,True,False
237,False,False,True,True,False
238,True,False,False,True,True
239,False,True,True,False,False
240,False,True,True,True,False
241,False,True,False,False,True
242,True,True,False,False,True
243,True,True,False,False,True
244,True,True,True,True,False
245,True,False,False,False,False
246,True,False,False,False,False
247,False,False,True,True,True
248,False,False,False,False,False
249,False,False,False,False,True
250,True,False,True,True,False
251,True,False,True,False,False
252,True,False,False,True,True
253,False,True,False,True,False
254,False,True,False,True,False
255,False,True,True,True,True
256,False,False,True,False,False
257,True,True,False,True,True
258,True,True,True,True,False
259,True,True,False,True,False
260,False,False,False,True,False
261,False,False,True,False,True
262,False,True,False,True,False
263,True,True,False,False,False
264,False,True,False,False,True
265,True,False,False,False,False
266,True,False,True,True,False
267,True,False,False,True,False
268,False,True,True,True,True
269,False,False,False,True,False
270,True,True,True,False,True
271,False,True,False,True,False
272,False,False,True,True,False
273,False,True,False,False,False
274,False,False,False,True,False
275,False,False,False,True,False
276,False,True,False,True,True
277,True,False,True,False,True
278,False,False,True,False,False
279,True,True,False,False,False
280,False,True,True,False,True
281,True,False,False,False,True
282,False,False,False,False,False
283,False,False,True,False,True
284,False,True,True,False,True
285,False,False,False,False,False
286,False,True,True,False,False
287,True,True,False,False,True
288,True,False,False,True,False
289,True,True,False,False,False
290,True,True,False,False,False
291,True,True,True,False,True
292,False,True,True,False,True
293,False,True,False,False,True
294,True,True,True,True,True
295,False,False,True,True,False
296,False,False,True,False,True
297,True,True,False,False,False
298,False,False,True,True,True
299,False,False,False,True,False
300,False,False,False,True,False
301,True,True,True,False,False
302,True,True,False,True,True
303,False,True,True,False,True
304,True,False,False,True,True
305,True,True,False,True,False
306,False,False,True,False,True
307,False,True,True,False,True
308,False,False,True,True,False
309,False,True,False,True,False
310,False,False,True,True,False
311,False,False,True,False,False
312,False,True,False,False,False
313,False,False,False,False,False
314,True,True,False,False,True
315,True,False,False,False,True
316,False,True,False,True,False
317,False,True,False,False,False
318,False,False,True,True,False
319,False,False,False,True,True
320,False,True,False,True,False
321,False,False,False,True,True
322,True,False,False,True,True
323,False,True,False,True,False
324,False,True,False,False,False
325,True,False,True,False,True
326,False,False,False,False,False
327,False,True,True,False,True
328,False,False,False,False,False
329,False,False,False,False,True
330,True,False,False,True,True
331,True,True,True,False,False
332,False,True,True,True,False
333,False,False,False,True,True
334,False,True,True,True,True
335,False,True,True,False,False
336,False,False,False,True,True
337,True,True,False,True,False
338,False,False,False,False,False
339,False,True,True,False,False
340,False,True,False,False,False
341,True,True,False,True,False
342,False,False,False,False,False
343,True,True,False,True,True
344,True,False,True,False,True
345,False,False,False,False,True
346,False,True,False,False,False
347,True,False,False,True,False
348,False,False,True,True,True
349,True,False,True,True,False
350,True,True,True,False,False
351,False,True,False,False,False
352,True,True,False,False,True
353,True,False,True,False,False
354,True,False,False,False,False
355,False,False,True,True,False
356,False,False,False,False,False
357,False,True,True,True,False
358,False,True,False,True,False
359,False,True,True,False,False
360,False,False,True,True,True
361,False,False,False,False,False
362,True,False,False,False,True
363,True,False,True,True,False
364,True,True,False,False,True
365,True,False,True,True,True
366,True,False,True,True,False
367,False,False,True,False,True
368,True,False,True,True,True
369,True,False,False,True,False
370,True,False,True,False,False
371,True,False,False,True,False
372,False,False,False,False,False
373,False,False,False,False,False
374,False,True,True,False,True
375,False,True,False,False,True
376,False,False,True,True,False
377,False,False,True,False,True
378,True,False,True,True,True
379,False,False,True,False,True
380,True,False,True,False,False
381,False,True,True,True,False
382,True,False,True,False,False
383,False,True,True,False,True
384,True,False,False,True,False
385,False,False,True,False,False
386,True,False,True,False,False
387,True,True,False,False,True
388,True,False,True,False,False
389,True,False,False,False,True
390,False,False,False,True,True
391,False,True,False,False,True
392,False,True,False,True,False
393,False,True,False,False,False
394,False,False,True,True,False
395,True,False,True,False,False
396,True,False,True,False,False
397,True,True,True,True,False
398,True,True,False,True,False
399,False,True,True,False,False
400,True,True,False,True,False
401,False,True,False,False,True
402,True,True,True,False,False
403,False,False,True,True,False
404,False,False,False,False,True
405,True,True,True,False,False
406,False,False,True,False,False
407,False,True,True,True,False
408,False,False,True,False,False
409,False,True,False,True,True
410,False,False,True,True,False
411,False,True,True,True,False
412,True,False,True,False,False
413,True,False,False,True,False
414,True,True,False,False,True
415,True,True,False,False,True
416,False,False,True,False,True
417,False,False,True,True,False
418,True,False,False,False,False
419,False,True,False,True,False
420,True,True,True,True,False
421,True,False,False,True,False
422,True,False,False,False,True
423,True,False,False,False,True
424,False,True,True,False,False
425,True,True,True,False,False
426,False,False,True,False,True
427,False,True,True,False,True
428,False,True,False,True,False
429,False,False,False,True,True
430,False,False,False,True,False
431,True,True,False,False,True
432,True,True,True,False,False
433,False,False,True,True,False
434,True,True,False,True,False
435,True,True,False,False,False
436,True,False,True,False,True
437,True,False,False,False,True
438,True,True,False,False,False
439,True,True,True,False,False
440,True,False,False,True,True
441,False,False,False,True,True
442,True,True,True,False,False
443,True,False,True,False,True
444,True,True,True,False,False
445,False,False,False,False,True
446,False,False,False,True,False
447,True,False,False,False,True
448,False,False,False,False,True
449,False,True,True,True,True
450,False,True,True,True,False
451,True,False,False,True,False
452,True,True,True,True,False
453,True,False,True,False,True
454,True,False,False,False,False
455,True,True,True,True,True
456,False,True,False,False,True
457,False,True,True,False,False
458,False,False,False,True,True
459,True,True,True,False,True
460,True,False,False,True,False
461,True,True,True,False,True
462,True,False,False,False,False
463,False,False,True,True,False
464,True,True,True,True,False
465,False,False,False,False,True
466,False,False,False,True,True
467,False,True,False,True,True
468,True,True,True,False,False
469,True,True,True,False,True
470,True,False,False,True,False
471,False,True,False,True,False
472,False,True,False,True,True
473,True,False,False,False,False
474,False,False,False,False,False
475,False,True,True,True,False
476,False,True,False,True,False
477,False,True,True,True,False
478,False,True,True,False,True
479,True,False,True,True,False
480,False,True,False,True,False
481,True,False,False,True,True
482,True,False,True,True,False
483,True,False,True,False,True
484,False,True,True,True,True
485,True,False,True,False,False
486,False,True,True,False,True
487,False,True,True,False,False
488,True,False,True,False,True
489,False,False,True,False,False
490,True,True,False,True,False
491,True,False,True,True,False
492,False,True,True,False,False
493,False,True,False,True,False
494,True,False,False,True,True
495,False,True,True,True,False
496,False,True,False,True,True
497,True,True,True,True,False
498,True,True,True,True,True
499,False,False,True,True,False
500,True,True,False,True,False
501,True,False,True,True,False
502,True,True,False,False,True
503,False,True,True,False,False
504,False,True,True,True,False
505,True,True,False,True,False
506,False,False,False,True,False
507,True,True,False,True,True
508,True,True,True,False,False
509,True,True,True,False,False
510,True,False,True,False,True
511,True,True,True,False,True
512,True,False,True,True,True
513,True,False,True,True,False
514,False,True,False,True,True
515,True,True,True,False,True
516,True,True,True,True,True
517,True,False,True,True,False
518,True,True,False,False,True
519,False,True,True,False,True
520,False,False,True,False,True
521,False,True,True,False,False
522,False,True,True,True,False
523,True,True,False,False,True
524,False,True,True,False,True
525,True,True,False,True,False
526,False,False,False,True,False
527,True,False,False,False,False
528,True,False,True,True,True
529,True,False,True,False,True
530,True,True,True,True,False
531,True,True,False,False,False
532,True,True,False,True,False
533,True,True,True,True,False
534,True,False,True,False,True
535,False,False,False,False,False
536,False,False,False,False,False
537,False,False,True,False,False
538,False,False,False,True,True
539,True,True,True,False,False
540,False,False,True,False,False
541,True,True,True,True,True
542,False,True,False,False,True
543,True,False,False,False,True
544,True,False,False,False,False
545,False,True,False,False,True
546,True,True,False,True,False
547,True,False,True,True,False
548,False,True,False,True,True
549,False,True,False,True,False
550,True,True,False,False,True
551,False,True,False,True,True
552,False,False,True,True,True
553,True,True,False,True,True
554,True,False,True,True,True
555,False,True,False,False,True
556,False,False,True,False,False
557,True,False,False,False,True
558,False,False,False,True,False
559,True,False,False,False,False
560,True,False,True,True,False
561,False,True,False,False,False
562,True,True,False,True,False
563,False,False,False,True,True
564,True,False,True,True,True
565,True,True,True,True,False
566,True,False,True,True,False
567,True,False,True,False,False
568,True,False,False,False,True
569,True,True,False,True,False
570,True,False,False,True,False
571,True,False,True,True,True
572,False,False,False,False,True
573,False,True,False,True,False
574,False,False,True,False,False
575,False,True,False,True,False
576,True,True,False,True,False
577,False,False,True,True,True
578,True,True,False,True,True
579,True,False,True,True,False
580,False,True,False,True,False
581,False,True,True,False,False
582,False,True,True,True,False
583,False,True,True,True,False
584,False,True,False,False,True
585,True,False,False,True,True
586,False,True,False,True,False
587,True,True,True,True,True
588,True,False,False,True,False
589,True,False,False,False,False
590,True,True,True,True,False
591,False,False,False,True,False
592,False,False,False,True,False
593,False,False,True,False,False
594,True,False,True,False,False
595,True,False,False,False,False
596,True,True,False,True,False
597,True,False,False,True,False
598,False,True,True,True,False
599,True,False,False,False,True
600,True,True,False,True,True
601,True,False,True,True,False
602,True,False,True,True,True
603,True,False,False,True,False
604,True,True,False,True,False
605,True,False,False,True,True
606,True,False,True,False,False
607,False,False,True,True,True
608,False,True,False,False,True
609,False,False,True,True,True
610,False,False,True,True,False
611,True,True,True,True,True
612,True,False,True,False,False
613,False,True,False,False,False
614,True,False,True,True,True
615,False,False,False,False,False
616,True,True,False,False,True
617,False,True,True,True,False
618,True,False,True,True,True
619,False,False,True,True,False
620,True,True,False,True,False
621,False,False,True,True,False
622,True,True,False,True,False
623,True,False,True,True,False
624,False,False,True,True,False
625,False,False,True,True,True
626,False,False,False,True,True
627,True,False,False,True,False
628,False,False,False,False,False
629,False,True,True,False,True
630,True,False,False,True,False
631,False,False,True,False,True
632,True,True,False,False,False
633,False,False,True,True,False
634,True,True,True,True,True
635,False,True,True,False,False
636,False,False,False,False,False
637,False,False,True,False,False
638,True,True,False,False,True
639,True,True,True,False,False
640,True,True,True,False,False
641,False,False,True,False,False
642,False,False,False,False,False
643,True,True,True,True,True
644,False,True,False,False,False
645,False,False,False,True,True
646,False,False,False,True,True
647,True,False,True,True,False
648,False,True,True,False,False
649,False,False,False,False,False
650,False,False,True,False,True
651,False,False,False,False,True
652,False,False,True,False,False
653,False,False,False,False,False
654,True,True,False,True,False
655,True,False,False,True,True
656,False,True,False,True,True
657,False,False,True,False,False
658,False,False,True,True,False
659,False,False,True,False,False
660,True,True,False,True,False
661,False,True,True,True,False
662,True,True,True,True,False
663,True,True,False,True,False
664,True,False,True,True,False
665,True,False,False,False,True
666,False,False,False,False,True
667,False,False,False,True,True
668,False,False,False,False,False
669,False,True,True,False,True
670,True,True,True,True,False
671,True,True,False,True,True
672,True,True,True,True,False
673,True,False,False,False,False
674,False,True,False,True,True
675,True,True,False,False,True
676,False,True,False,True,True
677,False,False,False,True,False
678,True,True,True,True,True
679,False,False,False,False,False
680,True,True,False,False,True
681,False,True,False,True,False
682,False,False,False,True,False
683,False,False,False,False,False
684,True,False,True,False,False
685,False,False,True,True,False
686,True,False,True,True,False
687,False,True,False,True,True
688,False,False,True,False,False
689,False,True,False,False,True
690,True,True,False,False,True
691,True,False,True,True,True
692,True,True,True,True,False
693,False,True,False,True,True
694,False,False,False,True,False
695,False,True,False,True,True
696,True,False,True,False,True
697,True,True,False,True,True
698,True,False,False,False,False
699,False,True,False,True,True
700,True,True,True,False,False
701,True,False,False,True,True
702,True,True,True,False,True
703,True,True,False,True,True
704,False,False,True,True,False
705,False,True,True,True,True
706,True,False,True,True,True
707,False,True,True,True,False
708,True,True,False,False,True
709,False,True,False,True,False
710,True,False,False,True,True
711,False,True,False,False,True
712,False,True,True,True,True
713,True,False,False,True,False
714,True,False,False,True,False
715,False,True,False,True,False
716,True,False,False,True,False
717,False,True,True,True,False
718,True,True,False,True,False
719,False,True,True,False,False
720,False,True,True,False,False
721,False,False,False,False,True
722,True,True,True,False,True
723,False,False,False,True,True
724,True,True,False,True,False
725,True,True,True,True,True
726,True,False,False,True,False
727,False,False,True,False,True
728,False,True,False,False,True
729,True,False,True,True,False
730,False,True,False,False,True
731,True,True,False,True,True
732,True,True,True,False,True
733,True,True,True,True,False
734,False,True,False,True,True
735,False,False,False,True,True
736,True,False,True,False,False
737,True,True,False,False,True
738,False,True,True,True,True
739,False,True,True,False,True
740,True,False,False,True,True
741,True,False,False,False,True
742,True,False,True,False,True
743,True,False,True,True,True
744,True,False,True,True,False
745,False,False,True,True,False
746,True,True,False,True,False
747,True,False,True,False,True
748,False,False,False,False,False
749,False,False,False,False,True
750,True,True,True,True,True
751,True,True,False,True,True
752,False,True,False,True,True
753,False,False,False,False,True
754,True,False,False,False,False
755,True,True,True,False,False
756,False,False,False,False,False
757,True,True,True,True,True
758,False,False,False,False,True
759,False,False,False,True,True
760,True,False,False,True,False
761,True,False,True,True,False
762,False,False,False,False,True
763,True,True,True,False,False
764,True,True,True,True,True
765,False,True,True,True,True
766,False,False,True,True,False
767,False,False,True,False,False
768,False,False,True,True,False
769,False,True,False,True,True
770,True,True,True,False,False
771,False,False,True,False,True
772,False,False,False,False,False
773,False,False,True,True,False
774,False,False,True,True,False
775,False,False,False,False,True
776,False,True,True,False,False
777,False,False,True,False,True
778,False,True,False,True,True
779,True,True,False,True,False
780,True,True,False,True,True
781,False,False,True,True,True
782,True,True,False,True,False
783,True,True,True,True,False
784,True,False,True,False,True
785,False,False,True,True,True
786,True,False,False,False,False
787,False,True,True,True,False
788,False,False,False,False,True
789,True,False,True,False,False
790,False,False,True,False,True
791,False,False,False,False,True
792,False,False,True,True,False
793,False,True,False,False,False
794,False,True,True,True,True
795,True,False,False,False,True
796,True,False,True,True,False
797,True,True,False,True,True
798,True,False,True,False,True
799,True,True,False,False,True
800,False,False,True,True,True
801,False,True,False,True,True
802,True,False,True,True,False
803,True,False,True,False,False
804,True,True,True,True,False
805,True,True,True,True,False
806,True,True,True,True,False
807,True,True,True,True,False
808,True,False,False,False,False
809,True,False,True,True,False
810,True,True,True,True,True
811,False,False,True,True,True
812,True,False,False,True,True
813,False,False,True,True,True
814,False,True,False,True,True
815,True,True,True,True,False
816,False,False,True,True,True
817,False,False,True,True,True
818,True,False,True,True,False
819,True,True,False,True,True
820,True,False,False,False,False
821,False,False,True,True,True
822,False,True,True,True,True
823,False,False,False,False,False
824,True,False,True,True,True
825,False,True,True,False,True
826,True,False,True,True,True
827,False,False,True,True,True
828,False,True,False,False,False
829,True,True,True,False,False
830,True,True,False,False,True
831,True,False,True,True,False
832,False,True,True,False,False
833,True,True,False,True,True
834,False,False,True,True,True
835,False,False,False,True,False
836,False,True,True,False,True
837,True,True,True,False,False
838,False,False,True,True,True
839,False,True,True,True,True
840,True,True,False,True,True
841,False,True,True,False,False
842,False,False,True,True,True
843,False,False,True,True,False
844,True,False,True,True,True
845,True,True,True,True,False
846,True,False,True,True,True
847,False,True,False,True,False
848,True,False,True,True,True
849,False,False,False,False,False
850,False,False,False,False,False
851,True,False,True,False,True
852,True,False,False,False,False
853,True,True,False,True,True
854,False,True,False,True,False
855,True,True,False,True,False
856,True,False,False,True,False
857,True,True,False,False,False
858,True,False,True,True,False
859,True,True,True,True,False
860,True,True,True,False,True
861,False,False,False,False,True
862,False,False,False,False,False
863,False,False,False,True,True
864,True,False,False,True,True
865,True,True,False,True,False
866,True,True,False,True,True
867,False,False,True,True,True
868,True,True,False,True,True
869,False,True,False,True,True
870,False,False,False,True,False
871,True,True,False,True,False
872,False,True,False,True,False
873,True,False,True,False,False
874,False,False,True,True,True
875,True,True,True,True,False
876,False,True,True,True,True
877,True,False,True,False,True
878,True,True,False,True,True
879,False,True,True,True,False
880,False,False,True,True,True
881,False,False,False,True,True
882,False,False,True,True,False
883,False,False,True,True,True
884,True,True,True,False,True
885,False,True,True,True,True
886,True,False,False,False,False
887,False,False,True,False,True
888,False,True,False,False,False
889,False,True,False,True,True
890,False,False,True,False,True
891,True,False,True,False,True
892,True,False,False,True,False
893,True,False,False,True,False
894,False,True,True,False,False
895,True,False,False,True,False
896,True,True,True,False,True
897,False,False,False,False,False
898,True,False,True,True,False
899,False,False,False,False,True
900,True,False,True,True,False
901,True,False,True,False,True
902,True,False,False,False,False
903,True,True,False,False,True
904,True,True,True,False,False
905,False,False,True,False,True
906,False,False,True,True,True
907,True,False,True,True,True
908,True,False,False,False,True
909,False,False,True,False,True
910,False,True,False,True,False
911,False,True,False,False,True
912,True,False,True,False,True
913,False,False,False,False,True
914,True,False,False,True,True
915,False,False,True,True,True
916,True,False,True,True,True
917,False,True,True,False,False
918,False,False,False,True,False
919,True,True,True,False,False
920,True,False,True,False,False
921,True,True,True,True,False
922,True,False,False,True,True
923,True,True,False,False,True
924,False,False,True,True,True
925,True,True,True,True,False
926,True,False,True,True,True
927,False,True,True,False,False
928,True,False,False,True,False
929,False,True,False,True,False
930,False,False,True,False,False
931,False,True,True,False,False
932,False,False,False,False,True
933,False,False,False,False,False
934,True,True,True,True,True
935,False,False,True,True,False
936,True,True,False,True,False
937,False,False,False,True,False
938,True,True,False,False,False
939,False,True,True,True,True
940,True,False,False,True,False
941,True,False,True,True,True
942,False,True,True,True,False
943,False,False,False,True,True
944,True,True,False,True,True
945,False,True,False,True,False
946,True,False,False,False,False
947,False,True,True,False,False
948,False,True,True,True,False
949,False,True,True,False,True
950,False,True,True,False,False
951,True,False,False,False,False
952,True,True,True,False,True
953,True,True,False,True,True
954,True,True,False,False,False
955,True,False,False,False,False
956,False,True,True,True,False
957,True,False,False,False,False
958,False,False,False,True,True
959,True,False,False,True,False
960,False,False,False,True,True
961,True,True,True,False,False
962,False,True,True,False,True
963,False,False,True,True,False
964,True,True,True,True,True
965,True,False,False,True,False
966,True,False,False,True,False
967,False,False,False,True,False
968,False,True,False,True,True
969,True,False,True,False,False
970,False,True,False,True,False
971,False,False,False,True,True
972,True,True,True,True,False
973,True,False,False,True,False
974,True,False,False,False,False
975,False,True,True,True,True
976,False,True,True,True,False
977,True,True,False,True,True
978,True,True,False,True,False
979,True,False,True,False,True
980,True,True,True,True,True
981,True,False,True,True,False
982,True,True,False,True,False
983,True,False,True,True,True
984,True,False,True,False,False
985,True,False,True,True,False
986,False,True,True,True,True
987,False,True,False,False,True
988,False,True,True,False,False
989,True,False,False,True,True
990,False,True,False,True,False
991,True,True,True,True,False
992,True,False,False,False,True
993,False,True,False,True,True
994,True,False,True,False,True
995,False,True,False,True,True
996,True,False,True,True,True
997,False,False,False,False,False
998,True,True,True,False,True
999,True,False,True,True,True
1000,True,False,False,True,True
1001,False,False,False,False,True
1002,True,True,False,True,True
1003,False,True,False,True,False
1004,True,True,False,True,True
1005,False,False,False,False,False
1006,False,False,False,False,False
1007,False,False,False,False,False
1008,False,True,False,False,False
1009,True,False,False,True,True
1010,False,False,False,False,True
1011,True,False,False,False,True
1012,False,False,False,True,False
1013,False,False,True,True,False
1014,True,False,True,False,False
1015,True,True,True,True,True
1016,True,False,True,True,False
1017,True,True,False,True,True
1018,False,False,False,True,False
1019,True,True,True,True,True
1020,False,True,True,False,True
1021,False,True,True,False,True
1022,True,True,False,True,False
1023,True,False,False,False,False
1024,False,False,False,True,True
1025,True,False,False,True,True
1026,True,False,False,True,False
1027,False,False,False,True,False
1028,True,False,False,True,True
1029,True,True,False,False,True
1030,True,False,True,True,False
1031,False,True,True,False,False
1032,True,False,True,True,False
1033,True,True,True,True,True
1034,True,False,False,True,False
1035,True,True,True,False,True
1036,True,True,True,True,True
1037,False,False,False,True,False
1038,False,False,False,True,True
1039,True,False,True,True,False
1040,True,True,False,True,True
1041,False,True,False,True,False
1042,True,False,False,False,False
1043,False,False,False,False,False
1044,False,True,False,True,True
1045,False,False,True,True,True
1046,False,True,False,True,True
1047,False,True,False,True,True
1048,True,False,True,True,False
1049,True,True,False,True,True
1050,False,True,True,False,False
1051,True,True,False,False,False
1052,False,False,True,False,False
1053,True,False,True,True,True
1054,False,False,False,False,False
1055,False,False,False,True,True
1056,False,True,True,False,True
1057,False,True,False,True,False
1058,False,True,True,False,False
1059,False,True,True,False,False
1060,False,True,True,True,True
1061,True,True,True,True,False
1062,False,True,True,True,False
1063,True,False,True,True,True
1064,False,True,True,False,True
1065,True,False,False,False,False
1066,True,True,True,True,False
1067,True,True,False,True,True
1068,True,True,True,False,False
1069,False,False,True,True,False
1070,False,False,False,True,False
1071,False,False,False,True,True
1072,True,False,True,True,True
1073,False,True,True,False,True
1074,True,True,False,False,True
1075,True,True,False,True,True
1076,True,False,False,True,False
1077,False,True,True,True,True
1078,False,True,False,True,True
1079,True,True,False,False,False
1080,False,False,False,False,True
1081,False,False,True,False,True
1082,True,True,False,True,False
1083,False,True,True,False,True
1084,True,True,True,True,False
1085,True,False,False,True,True
1086,True,False,False,True,True
1087,True,True,False,True,True
1088,True,False,False,True,False
1089,True,False,False,True,True
1090,False,True,False,True,False
1091,False,False,False,True,False
1092,True,True,False,True,False
1093,True,True,True,True,True
1094,False,True,True,True,True
1095,True,True,False,True,False
1096,True,False,False,True,False
1097,True,True,True,True,True
1098,True,True,True,True,True
1099,False,True,False,False,False
1100,True,True,False,True,True
1101,False,False,True,True,False
1102,True,False,False,True,False
1103,True,True,True,True,True
1104,True,True,True,False,False
1105,True,True,True,False,False
1106,True,False,False,True,False
1107,True,True,False,True,False
1108,True,False,True,False,False
1109,True,False,False,True,False
1110,True,False,True,True,True
1111,True,False,True,True,False
1112,True,True,False,True,False
1113,False,False,False,True,False
1114,False,True,False,True,True
1115,True,True,True,True,False
1116,True,False,True,False,False
1117,True,True,False,False,True
1118,True,False,False,False,True
1119,True,False,False,True,False
1120,False,False,False,True,False
1121,True,False,True,False,False
1122,True,True,True,True,False
1123,False,True,False,True,False
1124,True,True,False,True,True
1125,False,False,False,True,False
1126,False,False,True,True,True
1127,False,False,True,True,True
1128,False,False,False,False,True
1129,True,False,False,True,True
1130,True,True,True,True,True
1131,True,False,False,False,True
1132,False,False,False,True,True
1133,False,False,False,False,True
1134,False,True,True,True,False
1135,False,True,True,True,True
1136,False,False,False,True,True
1137,True,True,True,False,False
1138,True,True,True,False,False
1139,False,True,True,False,True
1140,True,False,False,False,False
1141,True,True,False,False,False
1142,False,False,True,False,True
1143,False,False,True,False,True
1144,True,False,True,True,False
1145,True,False,True,True,True
1146,False,False,True,True,False
1147,True,False,True,False,False
1148,True,False,False,True,False
1149,True,False,False,False,True
1150,True,True,True,True,False
1151,True,True,True,False,False
1152,False,True,False,True,True
1153,False,True,True,True,True
1154,False,False,True,True,False
1155,False,True,True,True,False
1156,True,False,True,True,True
1157,False,True,False,True,True
1158,True,False,True,True,False
1159,False,True,False,True,True
1160,True,True,True,True,False
1161,True,True,True,True,True
1162,True,False,False,True,False
1163,False,False,True,True,True
1164,False,True,True,True,False
1165,True,False,True,True,False
1166,True,True,False,True,False
1167,True,False,True,True,True
1168,True,False,True,False,False
1169,True,True,True,True,True
1170,False,False,True,True,False
1171,False,True,False,False,True
1172,False,True,False,True,False
1173,False,False,True,True,True
1174,False,False,False,True,False
1175,False,True,True,True,False
1176,False,False,False,True,True
1177,True,True,False,False,False
1178,True,True,True,True,False
1179,True,True,True,True,False
1180,False,True,True,False,False
1181,False,False,False,True,True
1182,False,True,True,False,True
1183,False,True,True,False,True
1184,True,False,True,True,False
1185,False,True,True,True,False
1186,False,True,False,True,False
1187,True,False,True,True,False
1188,True,False,False,False,False
1189,False,True,False,False,False
1190,False,False,False,False,True
1191,True,False,False,True,True
1192,False,True,True,True,False
1193,False,False,True,True,True
1194,True,False,False,True,True
1195,True,True,False,False,False
1196,False,False,False,True,False
1197,True,False,False,True,True
1198,False,False,True,True,False
1199,False,True,False,True,True
1200,True,False,True,True,False
1201,False,False,False,True,False
1202,True,False,True,False,False
1203,False,True,True,True,False
1204,True,True,True,True,True
1205,True,True,True,False,False
1206,False,True,True,True,False
1207,False,False,True,True,False
1208,False,True,True,True,False
1209,False,False,False,True,False
1210,False,True,False,True,False
1211,True,True,True,True,False
1212,False,False,False,True,False
1213,False,False,True,False,False
1214,False,False,False,True,True
1215,False,False,True,True,True
1216,True,True,False,True,True
1217,True,True,False,True,True
1218,False,True,False,False,False
1219,False,True,True,False,True
1220,False,False,True,True,True
1221,False,True,True,False,True
1222,True,True,False,True,True
1223,False,False,True,False,False
1224,False,False,True,True,False
1225,False,True,False,True,False
1226,True,False,False,True,False
1227,False,False,True,True,True
1228,True,False,False,True,True
1229,True,True,False,True,True
1230,False,False,False,False,False
1231,True,False,True,True,True
1232,True,False,False,False,False
1233,True,True,False,False,True
1234,False,True,False,False,True
1235,True,False,False,True,False
1236,True,False,True,False,False
1237,False,True,False,False,True
1238,False,True,False,True,True
1239,False,False,False,False,True
1240,True,True,False,False,True
1241,True,False,False,False,False
1242,True,False,True,True,True
1243,True,True,True,True,True
1244,True,False,False,True,False
1245,False,True,True,True,False
1246,True,True,True,True,True
1247,True,True,True,True,False
1248,False,True,False,True,True
1249,False,False,True,False,False
1250,True,True,True,False,True
1251,False,True,False,False,True
1252,True,True,False,True,False
1253,True,False,False,True,True
1254,True,True,False,True,False
1255,False,False,False,True,False
1256,False,False,False,True,False
1257,False,False,True,False,True
1258,False,False,False,True,False
1259,False,True,True,True,False
1260,True,True,True,False,False
1261,False,False,True,True,False
1262,True,False,False,True,False
1263,True,False,False,True,False
1264,False,True,False,True,True
1265,True,True,True,False,False
1266,True,True,True,False,True
1267,False,True,False,False,False
1268,False,False,False,True,False
1269,False,True,False,True,True
1270,True,False,False,True,True
1271,True,False,False,True,False
1272,False,True,False,False,False
1273,True,False,True,False,True
1274,True,False,False,True,False
1275,False,False,True,True,True
1276,True,False,False,True,False
1277,False,False,True,True,False
1278,True,True,False,True,False
1279,True,False,True,False,False
1280,True,True,False,True,False
1281,True,True,True,True,False
1282,False,True,False,True,True
1283,False,False,False,True,True
1284,False,False,True,True,True
1285,False,True,False,True,False
1286,True,False,False,True,False
1287,False,True,True,False,True
1288,False,True,True,False,False
1289,True,True,True,True,False
1290,False,False,True,True,True
1291,True,False,False,False,False
1292,False,False,False,False,True
1293,False,True,False,True,True
1294,True,False,False,True,True
1295,False,True,True,False,True
1296,True,True,False,True,False
1297,True,False,True,True,True
1298,True,False,False,True,True
1299,False,True,False,True,False
1300,False,True,False,True,False
1301,False,False,True,True,True
1302,False,False,False,False,False
1303,True,True,True,True,False
1304,False,True,True,True,False
1305,False,False,True,True,True
1306,True,False,True,False,True
1307,True,True,False,False,False
1308,True,False,True,True,True
1309,False,False,False,True,False
1310,True,False,False,True,False
1311,False,False,True,False,True
1312,True,True,True,False,False
1313,False,False,True,True,False
1314,False,True,False,True,True
1315,False,False,False,True,False
1316,True,True,True,True,True
1317,False,False,False,False,False
1318,False,True,True,True,False
1319,True,False,False,False,False
1320,True,False,False,False,False
1321,True,False,False,False,True
1322,True,True,True,True,False
1323,True,False,False,False,False
1324,True,True,True,True,False
1325,False,False,True,True,False
1326,True,False,True,True,True
1327,False,True,True,False,True
1328,True,True,False,True,True
1329,False,False,True,True,True
1330,False,True,False,False,False
1331,True,False,False,False,True
1332,False,False,True,False,False
1333,True,False,True,True,True
1334,False,True,True,False,False
1335,False,True,True,True,True
1336,False,True,True,True,False
1337,False,True,True,False,True
1338,True,True,False,False,False
1339,False,True,False,True,False
1340,False,True,False,False,False
1341,False,True,True,True,True
1342,True,True,False,False,True
1343,True,True,False,True,True
1344,False,False,True,False,True
1345,False,True,True,True,True
1346,True,True,False,True,True
1347,False,True,False,False,False
1348,False,True,False,True,True
1349,True,False,False,True,True
1350,False,False,False,False,True
1351,True,True,False,False,True
1352,False,False,False,False,True
1353,False,False,False,True,True
1354,False,False,True,False,True
1355,False,False,False,True,False
1356,False,False,True,False,True
1357,False,True,False,True,True
1358,False,False,False,False,True
1359,False,False,True,True,True
1360,False,False,True,False,False
1361,True,False,False,False,False
1362,False,False,False,False,True
1363,True,False,False,True,False
1364,True,False,True,False,True
1365,False,False,False,True,True
1366,False,True,False,True,False
1367,False,True,True,False,False
1368,False,False,False,False,True
1369,False,True,True,False,True
1370,True,False,False,False,False
1371,True,True,False,True,True
1372,True,False,True,False,True
1373,True,True,True,True,False
1374,True,False,True,False,True
1375,True,True,True,True,False
1376,True,True,False,True,True
1377,False,True,False,True,False
1378,False,True,True,False,False
1379,True,False,False,True,True
1380,True,True,True,True,True
1381,True,False,True,False,True
1382,False,True,False,True,False
1383,False,False,False,True,False
1384,False,False,True,True,True
1385,True,True,False,True,False
1386,False,False,True,True,False
1387,True,True,True,True,False
1388,False,False,True,True,True
1389,False,True,True,True,True
1390,False,False,True,False,False
1391,False,True,True,True,True
1392,False,True,True,True,False
1393,False,True,True,True,False
1394,True,True,True,True,True
1395,True,False,False,True,False
1396,False,False,False,False,False
1397,True,False,True,False,False
1398,False,True,True,True,False
1399,False,True,False,False,False
1400,False,True,False,True,False
1401,True,True,True,False,True
1402,True,False,False,True,True
1403,False,False,False,True,True
1404,False,False,False,False,True
1405,True,True,False,False,False
1406,False,False,True,True,True
1407,True,True,True,True,True
1408,True,True,False,True,True
1409,False,True,True,True,False
1410,False,False,True,True,False
1411,True,True,False,True,True
1412,False,False,True,False,False
1413,True,False,True,True,False
1414,False,False,True,True,True
1415,False,True,False,True,False
1416,False,False,False,False,True
1417,False,True,True,True,True
1418,True,True,False,False,True
1419,False,True,True,False,True
1420,False,True,True,True,True
1421,False,False,True,True,False
1422,False,False,True,True,True
1423,False,False,True,False,True
1424,True,True,True,True,True
1425,False,True,True,False,False
1426,True,False,True,False,False
1427,False,True,True,True,True
1428,False,True,True,False,False
1429,False,False,True,False,True
1430,False,False,False,True,False
1431,True,True,True,True,False
1432,False,False,False,True,False
1433,False,True,True,True,False
1434,True,False,True,False,True
1435,False,False,False,True,False
1436,False,False,True,False,False
1437,False,True,False,False,False
1438,False,True,True,False,True
1439,True,True,True,True,False
1440,False,False,False,True,True
1441,False,True,True,True,False
1442,True,False,False,False,False
1443,True,True,True,False,True
1444,False,False,False,False,False
1445,True,False,False,True,False
1446,False,False,True,True,True
1447,False,False,False,True,True
1448,True,False,True,False,True
1449,True,True,False,False,True
1450,False,False,True,True,True
1451,True,True,True,True,False
1452,True,True,False,True,False
1453,False,False,False,True,False
1454,False,True,False,False,False
1455,False,False,False,True,True
1456,False,True,False,True,True
1457,False,True,True,False,True
1458,False,False,True,True,True
1459,True,True,True,True,False
1460,True,False,True,False,True
1461,False,False,True,True,False
1462,False,True,False,False,False
1463,False,False,False,True,False
1464,True,True,False,True,False
1465,True,True,False,False,True
1466,False,False,False,True,True
1467,False,True,True,False,False
1468,True,True,True,True,False
1469,False,False,False,False,True
1470,True,True,False,False,False
1471,False,True,True,True,True
1472,False,True,False,True,True
1473,True,True,True,True,True
1474,False,False,False,False,False
1475,False,False,False,True,False
1476,True,True,False,False,False
1477,False,True,False,False,True
1478,False,False,False,True,False
1479,True,False,True,True,True
1480,False,True,False,False,True
1481,False,False,True,False,True
1482,False,True,False,False,True
1483,False,True,True,True,True
1484,True,False,False,True,False
1485,True,True,True,True,False
1486,False,True,False,False,True
1487,True,True,True,False,True
1488,True,True,True,False,True
1489,False,True,False,True,False
1490,False,False,False,False,False
1491,False,True,False,True,False
1492,False,False,True,True,True
1493,False,True,False,False,False
1494,False,False,True,False,True
1495,True,False,False,False,False
1496,True,True,True,False,False
1497,False,True,False,True,True
1498,False,True,False,True,False
1499,True,False,False,True,False
1500,True,True,True,True,True
1501,False,False,False,True,True
1502,False,True,True,False,False
1503,False,True,False,True,True
1504,False,False,True,True,True
1505,True,True,False,True,True
1506,False,True,True,False,True
1507,False,True,False,True,True
1508,False,True,True,True,False
1509,True,False,False,False,False
1510,True,False,True,False,True
1511,True,False,False,True,True
1512,False,True,False,True,True
1513,True,False,False,True,False
1514,False,False,False,True,False
1515,False,False,False,False,True
1516,False,True,True,True,False
1517,False,False,False,True,True
1518,False,False,False,False,True
1519,False,True,True,True,False
1520,False,False,False,True,True
1521,True,True,True,False,False
1522,False,True,True,True,False
1523,False,True,True,False,True
1524,False,True,True,False,False
1525,False,True,True,True,False
1526,True,False,True,True,False
1527,True,False,False,False,True
1528,True,True,False,True,False
1529,True,False,True,True,False
1530,False,True,False,True,True
1531,False,True,False,False,False
1532,False,False,True,False,True
1533,False,True,False,True,True
1534,True,False,True,True,False
1535,True,True,False,False,False
1536,True,True,False,True,True
1537,True,False,True,True,True
1538,True,False,True,True,False
1539,True,False,False,True,False
1540,False,False,True,False,False
1541,True,False,True,True,False
1542,False,False,False,True,True
1543,True,True,True,True,False
1544,False,False,True,False,True
1545,False,True,False,True,False
1546,True,False,False,False,False
1547,False,False,False,True,False
1548,True,True,True,True,True
1549,False,True,False,True,False
1550,False,True,False,False,False
1551,True,True,False,False,False
1552,False,False,True,True,True
1553,True,False,False,True,True
1554,True,False,True,False,False
1555,True,True,False,True,False
1556,False,True,False,True,False
1557,False,True,True,False,True
1558,False,False,False,False,True
1559,False,True,False,False,False
1560,False,False,True,False,False
1561,True,True,True,False,True
1562,False,False,True,True,False
1563,False,False,False,True,True
1564,True,False,False,True,False
1565,True,False,False,False,False
1566,False,True,False,False,True
1567,False,True,False,False,True
1568,False,True,True,True,False
1569,True,False,False,True,True
1570,False,True,False,False,False
1571,False,False,False,True,False
1572,True,True,True,True,True
1573,False,False,False,True,True
1574,False,False,False,True,True
1575,False,False,True,False,True
1576,False,True,True,False,False
1577,True,False,False,False,True
1578,False,True,True,True,True
1579,False,False,True,True,True
1580,True,True,True,True,False
1581,False,True,False,,True
1582,False,False,False,,True
1583,False,True,True,,False
1584,True,True,True,,True
1585,False,True,True,,False
1586,False,False,True,,True
1587,False,True,True,,False
1588,False,False,True,,False
1589,True,False,False,,True
1590,True,True,False,,True
1591,True,False,True,,False
1592,True,True,False,,True
1593,True,True,True,,True
1594,False,False,False,,True
1595,False,False,True,,False
1596,False,True,False,,False
1597,False,False,False,,True
1598,False,True,True,,True
1599,False,True,True,,False
1600,False,False,True,,True
1601,False,False,False,,True
1602,True,True,False,,False
1603,False,False,False,,False
1604,False,True,True,,False
1605,False,False,True,,False
1606,True,True,False,,False
1607,True,False,False,,False
1608,False,True,False,,False
1609,False,False,False,,True
1610,True,False,False,,False
1611,False,True,True,,False
1612,False,False,True,,True
1613,False,False,True,,True
1614,False,False,True,,False
1615,True,True,False,,False
1616,True,False,True,,True
1617,False,True,True,,True
1618,True,True,True,,True
1619,False,True,False,,False
1620,False,False,True,,True
1621,True,True,True,,False
1622,False,True,True,,True
1623,True,True,True,,False
1624,True,True,True,,True
1625,False,False,True,,False
1626,True,True,True,,False
1627,True,False,False,,False
1628,False,True,False,,False
1629,True,True,True,,False
1630,True,False,True,,True
1631,False,False,True,,False
1632,True,True,False,,True
1633,False,True,True,,True
1634,True,False,False,,False
1635,True,False,True,,False
1636,False,True,True,,True
1637,True,False,True,,False
1638,False,False,True,,True
1639,True,True,True,,True
1640,False,False,False,,False
1641,True,True,True,,True
1642,False,False,False,,True
1643,False,True,False,,True
1644,False,False,True,,False
1645,False,True,True,,True
1646,False,False,True,,True
1647,False,True,False,,False
1648,True,False,False,,False
1649,True,False,True,,True
1650,True,False,True,,True
1651,True,True,True,,False
1652,False,False,False,,True
1653,True,False,False,,False
1654,False,False,False,,True
1655,False,True,True,,True
1656,False,True,False,,True
1657,False,True,False,,True
1658,True,False,True,,True
1659,True,False,False,,False
1660,False,False,False,,True
1661,False,False,True,,True
1662,False,True,True,,True
1663,True,False,True,,False
1664,False,True,True,,True
1665,False,False,True,,True
1666,False,True,False,,False
1667,True,True,False,,True
1668,True,True,True,,False
1669,False,False,True,,False
1670,True,False,False,,True
1671,True,True,False,,False
1672,False,False,False,,False
1673,False,False,True,,False
1674,True,True,False,,True
1675,False,True,True,,False
1676,True,True,True,,True
1677,False,False,False,,True
1678,False,True,False,,False
1679,False,False,False,,True
1680,True,False,False,,False
1681,False,False,True,,False
1682,False,True,True,,True
1683,False,False,True,,True
1684,True,False,True,,False
1685,False,False,False,,True
1686,False,False,True,,False
1687,False,False,False,,False
1688,True,True,False,,True
1689,False,True,True,,False
1690,False,False,True,,False
1691,True,True,True,,False
1692,False,False,False,,True
1693,True,False,True,,False
1694,False,False,False,,True
1695,True,False,False,,False
1696,False,True,False,,True
1697,True,False,True,,False
1698,True,True,False,,True
1699,False,True,True,,True
1700,False,False,False,,False
1701,False,True,True,,False
1702,True,True,False,,False
1703,False,False,True,,False
1704,True,False,False,,True
1705,True,True,True,,False
1706,False,False,False,,False
1707,False,False,False,,False
1708,False,True,False,,True
1709,False,False,False,,True
1710,True,False,False,,False
1711,False,False,True,,False
1712,True,False,False,,False
1713,False,False,False,,False
1714,False,True,False,,False
1715,True,False,False,,True
1716,False,True,False,,False
1717,True,False,True,,False
1718,True,False,True,,True
1719,True,True,True,,True
1720,True,True,True,,True
1721,True,True,True,,True
1722,False,False,False,,True
1723,False,True,True,,True
1724,True,False,True,,True
1725,False,False,True,,True
1726,False,False,False,,True
1727,False,False,True,,False
1728,False,False,False,,False
1729,True,True,True,,False
1730,True,False,False,,True
1731,True,True,True,,True
1732,True,True,False,,True
1733,True,True,True,,False
1734,False,False,True,,True
1735,True,False,False,,False
1736,False,True,True,,True
1737,True,False,False,,False
1738,False,False,True,,False
1739,True,True,True,,False
1740,False,True,False,,True
1741,False,False,True,,True
1742,True,False,True,,True
1743,False,False,False,,True
1744,True,True,True,,True
1745,True,True,False,,False
1746,True,True,True,,False
1747,False,True,True,,False
1748,False,True,False,,False
1749,False,False,False,,False
1750,False,True,True,,True
1751,True,True,True,,True
1752,True,False,True,,True
1753,False,True,False,,False
1754,False,False,True,,False
1755,False,True,True,,False
1756,True,False,False,,False
1757,True,True,True,,False
1758,False,False,True,,False
1759,True,True,True,,True
1760,True,False,False,,False
1761,True,True,False,,False
1762,False,False,True,,True
1763,False,True,True,,False
1764,False,True,True,,False
1765,True,True,True,,True
1766,True,False,False,,True
1767,False,True,False,,False
1768,False,True,False,,False
1769,False,True,False,,False
1770,False,True,True,,True
1771,False,True,False,,False
1772,False,True,False,,False
1773,False,False,True,,False
1774,True,False,True,,False
1775,True,True,True,,False
1776,True,False,False,,False
1777,False,True,False,,True
1778,False,False,True,,True
1779,True,False,False,,False
1780,True,False,True,,False
1781,False,True,False,,True
1782,False,False,False,,False
1783,True,False,True,,False
1784,True,False,False,,False
1785,False,True,False,,False
1786,False,False,True,,True
1787,False,True,True,,False
1788,True,False,True,,True
1789,False,False,False,,False
1790,False,True,False,,False
1791,False,False,False,,False
1792,False,False,False,,False
1793,True,False,False,,False
1794,True,True,False,,False
1795,True,True,False,,False
1796,True,True,True,,True
1797,False,False,True,,False
1798,True,False,False,,True
1799,False,False,True,,True
1800,False,True,False,,False
1801,True,True,True,,True
1802,True,True,True,,False
1803,True,False,True,,False
1804,False,True,True,,False
1805,True,False,True,,False
1806,False,True,True,,True
1807,False,True,True,,True
1808,True,False,True,,True
1809,False,True,False,,False
1810,False,True,True,,False
1811,False,True,False,,False
1812,False,False,True,,False
1813,True,True,True,,True
1814,True,True,False,,True
1815,True,False,True,,False
1816,True,False,True,,False
1817,True,False,True,,True
1818,True,True,True,,False
1819,True,True,False,,True
1820,True,True,False,,True
1821,False,False,False,,True
1822,True,False,False,,False
1823,True,False,False,,True
1824,False,True,True,,True
1825,False,False,False,,True
1826,False,False,False,,False
1827,True,False,True,,False
1828,False,True,True,,True
1829,True,True,True,,False
1830,False,False,True,,False
1831,False,False,False,,True
1832,True,True,False,,False
1833,True,False,True,,True
1834,False,True,False,,True
1835,False,False,True,,False
1836,True,True,False,,True
1837,True,False,True,,False
1838,True,False,True,,True
1839,False,True,True,,False
1840,False,False,True,,True
1841,False,True,True,,True
1842,False,True,True,,False
1843,True,False,False,,True
1844,True,True,True,,True
1845,True,True,True,,True
1846,False,True,False,,False
1847,True,True,True,,True
1848,True,False,False,,True
1849,False,False,False,,False
1850,True,False,False,,False
1851,False,False,True,,False
1852,False,False,False,,True
1853,True,False,True,,False
1854,False,False,False,,True
1855,True,False,True,,False
1856,True,False,True,,False
1857,False,False,True,,True
1858,False,True,True,,True
1859,False,True,True,,True
1860,False,False,True,,False
1861,True,True,True,,True
1862,True,False,True,,False
1863,True,False,True,,True
1864,False,True,False,,False
1865,False,True,True,,False
1866,False,False,True,,False
1867,False,True,False,,True
1868,True,False,False,,False
1869,True,False,True,,True
1870,False,False,False,,True
1871,True,True,True,,False
1872,True,False,False,,True
1873,True,False,True,,False
1874,False,False,False,,True
1875,False,False,False,,True
1876,False,False,True,,True
1877,False,False,True,,False
1878,False,False,False,,True
1879,True,False,False,,True
1880,True,False,True,,False
1881,False,True,False,,True
1882,True,False,True,,True
1883,False,False,True,,True
1884,False,False,False,,True
1885,False,False,True,,True
1886,False,True,False,,False
1887,False,True,False,,False
1888,True,False,False,,False
1889,True,False,False,,True
1890,False,False,False,,True
1891,True,False,True,,False
1892,False,True,True,,False
1893,True,True,True,,False
1894,False,False,True,,False
1895,False,True,False,,True
1896,True,False,True,,False
1897,True,False,True,,False
1898,False,True,False,,False
1899,False,True,True,,True
1900,False,False,False,,True
1901,False,False,,,False
1902,False,True,,,False
1903,False,True,,,True
1904,True,False,,,True
1905,False,True,,,True
1906,True,False,,,False
1907,True,False,,,False
1908,False,False,,,True
1909,True,False,,,True
1910,False,True,,,True
1911,False,False,,,True
1912,True,False,,,False
1913,True,False,,,True
1914,False,False,,,True
1915,False,False,,,True
1916,False,False,,,True
1917,False,False,,,False
1918,True,True,,,True
1919,True,False,,,True
1920,False,False,,,False
1921,False,False,,,False
1922,False,False,,,False
1923,True,True,,,True
1924,False,False,,,True
1925,True,True,,,False
1926,True,False,,,False
1927,True,False,,,False
1928,False,False,,,False
1929,True,False,,,True
1930,True,False,,,True
1931,True,True,,,False
1932,True,True,,,False
1933,False,True,,,True
1934,False,False,,,True
1935,True,False,,,False
1936,True,True,,,True
1937,False,False,,,False
1938,False,False,,,False
1939,True,False,,,True
1940,False,False,,,False
1941,False,True,,,True
1942,False,True,,,False
1943,False,False,,,True
1944,,False,,,False
1945,,True,,,False
1946,,False,,,False
1947,,True,,,True
1948,,False,,,True
1949,,False,,,False
1950,,True,,,True
1951,,True,,,True
1952,,False,,,True
1953,,True,,,False
1954,,False,,,False
1955,,False,,,False
1956,,False,,,False
1957,,False,,,True
1958,,False,,,False
1959,,False,,,True
1960,,False,,,True
1961,,True,,,True
1962,,False,,,False
1963,,True,,,True
1964,,False,,,True
1965,,False,,,False
1966,,False,,,False
1967,,True,,,True
1968,,True,,,True
1969,,True,,,False
1970,,True,,,False
1971,,True,,,True
1972,,True,,,False
1973,,False,,,False
1974,,True,,,False
1975,,False,,,True
1976,,True,,,False
1977,,False,,,True
1978,,False,,,True
1979,,True,,,True
1980,,False,,,False
1981,,True,,,False
1982,,False,,,True
1983,,False,,,True
1984,,False,,,False
1985,,False,,,False
1986,,False,,,False
1987,,True,,,False
1988,,True,,,True
1989,,False,,,True
1990,,False,,,False
1991,,True,,,True
1992,,False,,,True
1993,,True,,,False
1994,,True,,,False
1995,,False,,,False
1996,,,,,False
1997,,,,,True
1998,,,,,False
1999,,,,,False
2000,,,,,True
